phi,T (K),H2,H,O,O2,OH,H2O,HO2,H2O2,C,CH,CH2,CH2(S),CH3,CH4,CO,CO2,HCO,CH2O,CH2OH,CH3O,CH3OH,C2H,C2H2,C2H3,C2H4,C2H5,C2H6,HCCO,CH2CO,HCCOH,N,NH,NH2,NH3,NNH,NO,NO2,N2O,HNO,CN,HCN,H2CN,HCNN,HCNO,HOCN,HNCO,NCO,N2,AR,C3H7,C3H8,CH2CHO,CH3CHO,C(gr)
0.29999999999999999,1066.252526470746,9.0290942588756289e-11,1.1366994779357737e-13,3.9258513193142243e-10,0.14253936227610259,2.7478662198469646e-07,0.061099657985506053,1.4755228303631985e-09,1.4500340600010798e-10,9.6574460818377338e-48,3.3847818278457532e-49,3.5327718660014744e-47,2.4778681158783894e-49,7.7754699610824115e-44,3.435976989526702e-42,4.0684928477273174e-11,0.030549898142110062,8.3719256203263514e-26,1.9557600809368353e-27,3.7500015616695403e-39,1.1157531103197308e-41,4.3697615551821529e-39,2.1300274059278769e-66,4.095488805089523e-59,1.1147379773705142e-69,4.7405072551076639e-67,1.9781523903273724e-77,3.9894813265228787e-77,1.66774173936091e-51,2.2335769247385946e-49,1.0058697788962311e-55,9.1753844409374233e-21,3.0446272351519227e-22,4.1359921164400528e-22,2.9060173031524085e-19,6.1930479890645872e-20,5.059458642571569e-05,1.4599292418194915e-06,3.8781031103350508e-09,7.0089930183627906e-14,5.1117317406393612e-37,1.6186314730112789e-30,9.7989221337368977e-44,3.1443118527882364e-49,3.8215219464228275e-36,2.6516903166672782e-27,3.9265719310820207e-22,3.4125428534923706e-26,0.76575808291873371,0.0,7.5149164859290881e-112,1.5841498049780121e-111,2.7635168330753624e-60,8.0050964243243734e-60,0.0
0.36530612244897959,1208.1536176640902,3.1025594439658236e-09,1.2785255554436644e-11,1.0654922270786156e-08,0.12832855064930715,2.5396449069399769e-06,0.073907636520329209,8.747814586200985e-09,6.8653957485968572e-10,3.3423664076076667e-41,1.3372876992915046e-42,5.1398715944342071e-41,5.8608449874997388e-43,2.4402573473692038e-38,3.0970981637610036e-37,2.177700582383725e-09,0.036954455079570868,1.910887664318668e-22,3.3363166027093253e-24,1.308204067159511e-34,5.6280817720421657e-37,6.8472387456608999e-35,1.4073065076147013e-57,1.7363679945126954e-51,6.5428148030601289e-61,5.7851638501255078e-59,3.2667110419620595e-68,2.5047327007164633e-68,5.9190753300193464e-45,2.2512359683656382e-43,5.6515193566767522e-49,5.0850645203463694e-18,2.0085760267995177e-19,1.6912139283247783e-19,2.7936817594389904e-17,9.5411807541360327e-18,0.00016065825195269023,2.0478793139875868e-06,1.1075937429142361e-08,1.509916312691168e-12,4.2054254115066752e-32,1.3068647095626167e-26,2.0562508423100043e-38,2.1177513759501572e-43,5.0823086007570147e-32,2.9916588992997848e-24,1.1093024329656588e-19,4.7167967356554928e-23,0.76064368644290359,0.0,7.9477017119286005e-99,6.2209131524064993e-99,4.0082336793921369e-53,5.0995028143826812e-53,0.0
0.43061224489795918,1343.3388172960567,4.6803237388877655e-08,4.6705173295006594e-10,1.2748588866836789e-07,0.1142479294176868,1.3632152323441283e-05,0.08654301770466892,3.2959920133110579e-08,2.2271345330663656e-09,3.0967851489535328e-36,1.3917458313302916e-37,2.5544744505601636e-36,4.205761709260736e-38,3.8822468687379381e-34,1.963591072653467e-33,4.5344046101911252e-08,0.043274904419401038,6.9358672849340147e-20,9.9172986192218833e-22,3.8870332683487577e-31,2.2136088973257632e-33,1.1317865512348176e-31,7.4097615506920618e-51,1.1692784674800703e-45,3.2687128096444555e-54,8.9998118678163823e-53,3.7139597384611379e-61,1.4004405867076754e-61,5.8671842667138548e-40,8.8034622122287639e-39,8.1363850211546333e-44,6.0673804973190713e-16,2.7729797791994706e-17,1.6546278341408009e-17,9.3175863500270819e-16,4.3863466986605584e-16,0.00037762170594730004,2.5543254827279864e-06,2.4187325134765431e-08,1.5411658771242329e-11,2.2922693281556321e-28,1.2604786780452304e-23,2.3743954702655188e-34,5.8230119993371105e-39,7.055987129787181e-29,6.3874399672339964e-22,8.3492572999779749e-18,1.1569384095389427e-20,0.75554228042659322,0.0,7.4986532738190813e-89,2.8358339187656518e-89,1.1982895661644426e-47,8.3627342182920744e-48,0.0
0.49591836734693878,1472.3196767717445,4.0565117295616478e-07,7.9915596964735454e-09,8.7516521321853865e-07,0.10027924177401995,5.0610206827539272e-05,0.099000274347376196,9.0994166937954623e-08,5.5700262396428927e-09,2.5191584546091808e-32,1.2594304667486214e-33,1.315726382671265e-32,2.888210372032293e-34,8.355011084422046e-31,2.1021560114162642e-30,5.0127875383724641e-07,0.049512518822974458,7.3210895343276721e-18,9.1248021387179571e-20,2.2078355020829345e-28,1.5687847143750338e-30,4.1354609176835871e-29,1.5244769504770395e-45,4.8958965882958321e-41,6.6783363291798714e-49,7.5202765991140477e-48,1.4989148588302298e-55,3.3074575634782885e-56,5.2682085940910941e-36,3.892972158502264e-35,1.0012225140862174e-39,2.5717384912022638e-14,1.3357960550960841e-15,6.1880008555000704e-16,1.5268801178914832e-14,8.9348662312914701e-15,0.00072241096500447915,2.9235145872152511e-06,4.3904231433825306e-08,9.4925469833939936e-11,2.0210254514100576e-25,2.9242134168401836e-21,3.9150276648958031e-31,1.8671707722749437e-35,2.1428319767632369e-26,4.4569502493774891e-20,2.5837384969018912e-16,8.8712031118605325e-19,0.75044213008136895,0.0,6.3801982507902896e-81,1.3926251419754526e-81,2.6484848624674345e-43,1.1782691276153464e-43,0.0
0.56122448979591844,1595.4762580463107,2.3804896548136584e-06,7.9984070234081776e-08,4.0369797120911905e-06,0.086414763602257944,0.00014435006940370762,0.11126583276472682,2.0023257126314341e-07,1.152116374804471e-08,3.6950109870720156e-29,2.0442981490141569e-30,1.3779266143274511e-29,3.8120500583264566e-31,4.4191214465197152e-28,6.4790424189946135e-28,3.5545347814023613e-06,0.055666715527411759,3.2416987383071711e-16,3.6853510932374199e-18,3.9187528289070255e-26,3.3324693727013151e-28,5.240882891734744e-27,3.2184235926027733e-41,2.9244365265409487e-37,1.4494699203197742e-44,8.1044629107787818e-44,5.8282769965891057e-51,8.5196741115114209e-52,8.7595323161671349e-33,3.7331095751556739e-32,2.1911525048823726e-36,5.2400178145556025e-13,3.0594282406947862e-14,1.1753613559991005e-14,1.5197399442435639e-13,1.0245106998090393e-13,0.0011897277703981756,3.1218078953713831e-06,6.9590802998431392e-08,4.0797683277217455e-10,4.9524862458835423e-23,2.4978884649979021e-19,1.6457925637353394e-28,1.3202918431013373e-32,2.2295700039637059e-24,1.4162578192244582e-18,4.2810882915435695e-15,2.997538380019784e-17,0.74534463663887718,0.0,2.0032901457162911e-74,2.8650352710327103e-75,9.412800908872634e-40,2.9719826761437819e-40,0.0
0.62653061224489792,1713.0413252246308,1.0523267158730819e-05,5.400786739573132e-07,1.3814968526023181e-05,0.072662329994325398,0.00033793409667457066,0.12331655399875921,3.6958304361632032e-07,2.0577802645872056e-08,1.5508715550987836e-26,9.4813051972931098e-28,4.5313651299633275e-27,1.5157795635642741e-28,8.4554063668962877e-26,8.1324980341873276e-26,1.8267774621212988e-05,0.061729992423329591,7.6242471861892265e-15,8.1908971230047584e-17,2.9859461689455308e-24,2.9473020121600025e-26,3.0854633805415964e-25,1.2997334381384809e-37,4.2671397890931457e-34,6.1985363827432922e-41,1.9889442498249761e-40,4.1717899892323402e-47,4.4346228412686701e-48,4.2794227777375605e-30,1.1836950409622796e-29,1.3698568887919478e-33,6.2232718696316219e-12,4.0611992775073142e-13,1.3613837297265813e-13,1.0544926206141775e-12,7.7093936249024486e-13,0.0017450588637472522,3.1323489462425203e-06,9.9228375426774524e-08,1.3408214649780573e-09,4.7781105339982312e-21,1.0350269647458442e-17,2.5655074609878559e-26,3.1032236547947951e-30,1.0607206310226698e-22,2.5387409600555839e-17,4.5067750729679473e-14,5.564456466135777e-16,0.74026583426358683,0.0,5.7927900965920058e-69,5.9709508868700399e-70,8.895359805054283e-37,2.1613101939527102e-37,0.0
0.69183673469387763,1825.0265986016191,3.7702776311458062e-05,2.7067418757105647e-06,3.7333809315927917e-05,0.059056654651545179,0.00067738938143930411,0.13511894240766772,5.8935295176118111e-07,3.2565942994192729e-08,2.5375644875842894e-24,1.7182125074908111e-25,6.2789180231516833e-25,2.460429574604004e-26,7.6194771074568009e-24,5.2794476758643925e-24,7.3928619569406942e-05,0.067674582522014054,1.1169178902952577e-13,1.1686676107125691e-15,1.2118885083338495e-22,1.3562977899188563e-24,1.0310874662968858e-23,1.5307321059243274e-34,2.1959413424645205e-31,7.9586085118636871e-38,1.6420665911238205e-37,8.5652976915043244e-44,7.1318379607762745e-45,8.400939336084476e-28,1.6556590137077717e-27,3.3775063599291814e-31,4.8908323253758737e-11,3.5645210432710558e-12,1.0875627141040222e-12,5.6081975929266692e-12,4.2175992906025252e-12,0.0023249587238363726,2.9510704971984666e-06,1.2944565124945561e-07,3.5738869187012002e-09,2.2943638770750207e-19,2.5109039368357341e-16,1.9129315700188689e-24,3.1974214790020661e-28,2.8013455294582567e-21,2.9675164350019476e-16,3.3871574698401544e-13,6.5780655259098706e-15,0.73523624958745948,0.0,2.888754556718753e-64,2.3152754161457577e-65,3.1497696486908289e-34,6.2842040904755272e-35,0.0
0.75714285714285712,1931.0496128475927,0.0001154290941125199,1.0747396474961581e-05,8.2639557821788509e-05,0.045685481259941263,0.0011927717743317559,0.14662735965576992,8.2221681376150532e-07,4.6237613783015877e-08,2.0012855890248752e-22,1.511559262409528e-23,4.5089554632211782e-23,2.0181400750618023e-24,3.9079045288973643e-22,2.1119217401246776e-22,0.00024984770565176904,0.073422657167462921,1.139153194906961e-12,1.1950700720140979e-14,3.0533356535871394e-21,3.8024399089247417e-23,2.261551843811729e-22,7.0772710574894246e-32,5.1885138258211449e-29,4.1479000151139526e-35,6.0552386055703753e-35,6.9526396698758302e-41,4.8349572896447164e-42,8.267285715719697e-26,1.2566803858903244e-25,4.1321256512714629e-29,2.7650349025473292e-10,2.261373889414074e-11,6.5286204941891216e-12,2.4504914605767636e-11,1.7986250547257825e-11,0.0028372665382593019,2.5853865471783223e-06,1.5549502606010773e-07,8.011882462824053e-09,6.4538644941758241e-18,4.0809610017222456e-15,8.1757130753445595e-23,1.7519474845565835e-26,4.6963361782440677e-20,2.5043336210071722e-15,1.9751573130335072e-12,5.4800668787090105e-14,0.73030079287213034,0.0,3.9161560043865492e-60,2.6055765853983807e-61,5.3414951719181482e-32,9.2609569167686634e-33,0.0
0.82244897959183683,2029.9655634599028,0.00031464718576672311,3.5330497310595044e-05,0.00015184924777461399,0.032743595271379426,0.0018658394492966411,0.1577775739807675,9.9797748569528782e-07,5.8823606714601349e-08,8.7975062966860502e-21,7.5197363791500557e-22,1.9516601667652557e-21,9.7666408270538486e-23,1.3183555020583547e-20,5.9895606299581193e-21,0.00073642260353161263,0.078785263327227642,8.7597349417458291e-12,9.5197198228465466e-14,5.3510893657571425e-20,7.2969909255300431e-22,3.6466152625999092e-21,1.5969198758572954e-29,6.8868820907436209e-27,1.1035185057515301e-32,1.2458337154296858e-32,2.8637199668871723e-38,1.7701546029773446e-39,4.7991879459449479e-24,6.0653788315038652e-24,2.9795871151459915e-27,1.1830000074599577e-09,1.0995110022127179e-10,3.1299368152780228e-11,9.2979768250221987e-11,6.2654789246899509e-11,0.0031597773041736835,2.057125110665507e-06,1.7112970720626731e-07,1.5372917075971048e-08,1.1936006832139981e-16,4.9243198688893314e-14,2.2925025813026503e-21,5.860165252306141e-25,5.4867855815900695e-19,1.6428642111762526e-14,9.5127566501196597e-12,3.4472383790483717e-13,0.72551942018450133,0.0,2.0605443969539352e-56,1.2125504574375954e-57,5.2260532031430261e-30,8.3269298374379936e-31,0.0
0.88775510204081631,2119.0486609443233,0.0007919881904164017,9.8757346290843985e-05,0.00022789609292662985,0.020639328919560711,0.0025769124635321291,0.16846451366749221,1.0189151132245645e-06,6.5618425903957934e-08,2.3654229276254805e-19,2.3523027825922154e-20,5.719650977540128e-20,3.1369378572661112e-21,3.3123915937590661e-19,1.3748732230346401e-19,0.0019594921588844236,0.08333797042796913,5.3832837852090219e-11,6.3347167833401294e-13,7.148919720353543e-19,1.0512087292781683e-20,4.7855327092298271e-20,2.0823996405876459e-27,6.1089138660002404e-25,1.8199919297637464e-30,1.7504304808987449e-30,7.4769759509926968e-36,4.4141658545633912e-37,1.8675364423054941e-22,2.1339193436997746e-22,1.458520913309713e-25,3.9021338171570713e-09,4.2312406327195559e-10,1.2517207129490067e-10,3.2268664837913351e-10,1.8329006495047129e-10,0.0031401962875360584,1.4125230527804197e-06,1.6855117324592739e-07,2.5133378507037011e-08,1.5753210491975959e-15,4.8149908000731016e-13,4.7074723292487723e-20,1.3228054988522471e-23,4.7564228124036019e-18,8.859254090707454e-14,3.9838292380246608e-11,1.7099762776924911e-12,0.72096715064299666,0.0,5.8031395362496264e-53,3.2485179069527617e-54,3.4520714337349675e-28,5.3992503852252327e-29,0.0
0.95306122448979602,2191.8138912936552,0.0019176837013187968,0.00023616258235176113,0.00025979776361495684,0.010215003271902756,0.0030239320098734749,0.17845420697099842,7.966806153494405e-07,6.0174215183106599e-08,4.0329681017784968e-18,4.932586044187506e-19,1.2513968147803129e-18,7.3561319129889106e-20,7.0783305781003296e-18,3.014036365245401e-18,0.0048580673306718343,0.08614314044210189,2.7578913162489146e-10,3.7820662729964039e-12,7.9316256237606659e-18,1.2355419915269717e-19,5.7478052306376836e-19,1.8154475850492912e-25,4.3652194394609379e-23,2.2798617723782986e-28,2.131499155489167e-28,1.5959251961577893e-33,9.9864664835215382e-35,5.457279276603376e-21,6.3405679809918114e-21,5.5668030693167544e-24,9.6304608910315446e-09,1.2864892823229873e-09,4.2979405370887719e-10,1.0918506265497513e-09,4.5237716594136869e-10,0.0026165964946221949,7.4519660426236914e-07,1.3946194061859568e-07,3.3508291046121653e-08,1.5656327826463423e-14,4.1847845291967918e-12,7.8665116876511064e-19,2.1629869635589296e-22,3.1602246979410203e-17,4.1074195710274732e-13,1.5262683286220985e-10,6.7891025451857318e-12,0.71672382530042678,0.0,1.2728148147146028e-49,7.5296890996072575e-51,1.8121158998473558e-26,3.0671136110464808e-27,0.0
1.0183673469387755,2231.99096177411,0.0046688309694433699,0.00046248276585074188,0.00018543216891679943,0.0031257193228257478,0.0027066307994677175,0.18701487938223318,3.8275547161635412e-07,3.8828573100058158e-08,3.9318193817432036e-17,6.6215538597187969e-18,2.1215638533793723e-17,1.293311517126126e-18,1.4645694393539816e-16,7.8126392617296365e-17,0.011442677744572105,0.085191582068146213,1.1740932412148965e-09,2.1556679738041623e-11,7.728480143535514e-17,1.2411447984265074e-18,7.213886715506143e-18,1.1300394168374904e-23,3.0246553482905034e-21,2.6190627998337181e-26,2.9810245280817103e-26,3.7006934104890574e-31,2.9500451642299821e-32,1.2715114457843763e-19,1.8414541047861267e-19,1.8438635889229816e-22,1.5474721507252084e-08,2.8484650663361726e-09,1.2530721919790244e-09,3.9027981537030085e-09,8.9528109512206958e-10,0.0015797826214388228,2.3512307788293258e-07,8.3674093943494361e-08,3.1988072368937666e-08,1.1467972220466322e-13,3.5302223261890643e-11,1.1549247350565644e-17,2.5341856500485539e-21,1.5378072438173312e-16,1.6547348300135763e-12,5.5647626346499673e-10,2.0414746138480268e-11,0.71279289878871721,0.0,3.3574676151939498e-46,2.5264218395420524e-47,8.7620890466711444e-25,1.9099697878799258e-25,0.0
1.0836734693877552,2219.7383721587144,0.010637022487211632,0.00065518285938868188,7.2698319110639281e-05,0.00055455281009522911,0.0017020809793993181,0.19258009868257825,1.0179420928734424e-07,1.6225035654020502e-08,1.4871602625686891e-16,3.9057149578803086e-17,2.0030208278091417e-16,1.2077487161275207e-17,2.2360873846629802e-15,1.9137918198080847e-15,0.023278235520595079,0.078919688099627711,3.4318116490690968e-09,9.9093277950716898e-11,5.1908489066356066e-16,8.259886421643215e-18,7.7092474477257805e-17,3.1219331651344749e-22,1.3892842881055781e-19,1.7740034055449737e-24,3.2677349611785277e-24,5.9820100584608604e-29,7.6125786839218885e-30,1.6559642810243063e-18,3.8537093935295681e-18,3.7089321900243143e-21,1.3434220359583991e-08,3.8555649676601069e-09,2.6808463815248284e-09,1.3484317689291585e-08,1.242725979732869e-09,0.0006457888213787324,4.0976630491144237e-08,3.3974588821266528e-08,1.9559592745646161e-08,4.6871082072715563e-13,2.3744101293124546e-10,1.1288885735701529e-16,1.530706297429144e-20,4.2804507927099088e-16,4.8755550883291745e-12,1.6896163025068239e-09,3.8253984426005256e-11,0.7088652128662094,0.0,5.7201343265502402e-43,6.8744586033913853e-44,2.7006350154550223e-23,9.3669803743961419e-24,0.0
1.1489795918367347,2176.1341602058792,0.019553504371274996,0.00069759590241790729,2.3341531540380093e-05,9.8521389061309957e-05,0.00093458134421681529,0.19501728880540672,2.4158623982901598e-08,6.1071761223669989e-09,2.2674693619194274e-16,9.1897877562485376e-17,7.9973620372028504e-16,4.6331951183171389e-17,1.5732064039689811e-14,2.3056641302544225e-14,0.036886372880550113,0.070807100918381119,6.2230841486505575e-09,2.8599954989760528e-10,1.8226364982065072e-15,2.8049094395829679e-17,4.4953968771674659e-16,2.4947908243942493e-21,2.1644402093896253e-18,3.4775282152088566e-23,1.1318320103722348e-22,2.606949867469821e-27,5.576746927664594e-28,8.4997567437756309e-18,3.4055894392150488e-17,2.8368394459460494e-20,7.9931016895665114e-09,3.5371210541877824e-09,3.9864775284154599e-09,3.5155538947796627e-08,1.2719429976378763e-09,0.00024576746056900967,6.9414951707495475e-09,1.2840242528965928e-08,9.8683878539112092e-09,9.6497259274036382e-13,9.1807571258985392e-10,5.2069447249810463e-16,4.0679421139319213e-20,6.6091339516177674e-16,9.2641873194963247e-12,3.5829034123370505e-09,4.5708249757644806e-11,0.70472422940648383,0.0,1.5190096910036094e-40,3.0738964344287456e-41,2.9892055119610388e-22,1.7220926350462475e-22,0.0
1.2142857142857144,2125.2087796506557,0.030349724137459354,0.00064668178323548284,7.7816078966274151e-06,2.1307259547546901e-05,0.00051566893173560051,0.19531331261248616,6.3994341480522843e-09,2.4429046319702934e-09,2.1782353187922919e-16,1.2893403607297625e-16,1.8394833192539193e-15,1.0149892245816918e-16,6.2143977872951141e-14,1.5111156463909476e-13,0.049586950316831753,0.063535204257177041,8.4844286277063693e-09,5.9146791873208594e-10,4.1188295959125251e-15,6.0869450992017577e-17,1.6229199156615048e-15,8.9512160637873854e-21,1.508583769682033e-17,2.7592867150980522e-22,1.5474713551648041e-21,4.0580424781718404e-26,1.407569282493276e-26,2.3728994739529621e-17,1.5872475410745105e-16,1.1088312940149218e-19,4.2416084642159427e-09,2.738071100797648e-09,4.7854878806602141e-09,7.2023272539201709e-08,1.1270635942653267e-09,0.00010096069200270421,1.4190114540873588e-09,5.2406813083978417e-09,4.9213565675006513e-09,1.3391969676952285e-12,2.3648961295787061e-09,1.4309519459404085e-15,6.6437750111650662e-20,7.420642345035581e-16,1.3394456682118705e-11,5.9236275816790531e-09,4.3631225324238849e-11,0.70050842068785124,0.0,9.1339773434923398e-39,3.0033042701021337e-39,1.577451535016805e-21,1.4522014141583875e-21,0.0
1.2795918367346939,2073.3946953329287,0.042498749013652741,0.00055800309795503683,2.7258324098600149e-06,5.3257066622752759e-06,0.00028954603547474088,0.19404767050556435,1.8596131011288477e-09,1.0320693079290565e-09,1.6520704791842446e-16,1.371909052236064e-16,3.1056849196160199e-15,1.6267620247650497e-16,1.7503899288028689e-13,6.8474222896571402e-13,0.060980835444439531,0.057504343824843214,9.9169189912782202e-09,1.0101440186896238e-09,7.2396297660859559e-15,1.0249092249872187e-16,4.4051722943667412e-15,2.057251243304636e-20,6.5967996668054957e-17,1.2972008497381423e-21,1.2180468039352385e-20,3.4348674838905638e-25,1.8693915402812524e-25,4.724942874548948e-17,5.1159752228513837e-16,2.9624544788982301e-19,2.1560318739208153e-09,1.9496646192181319e-09,5.0969252192909035e-09,1.2710483606063643e-07,9.2774070876902394e-10,4.4220750544525124e-05,3.3423787853633223e-10,2.2820860748508237e-09,2.4835015858025723e-09,1.5052826069636544e-12,4.8180245774141743e-09,2.9246675265479343e-15,8.3270331370405387e-20,7.057050215285524e-16,1.6681651954895807e-11,8.5152081137449201e-09,3.726453435564208e-11,0.69630042252130264,0.0,2.2745713480264516e-37,1.1761331917576102e-37,5.4355813184965864e-21,7.7302615936762278e-21,0.0
1.3448979591836736,2022.1965640292697,0.055662903587460538,0.0004600195041719049,9.8696815545742493e-07,1.4621748845124601e-06,0.00016444508025508279,0.19159206161493816,5.7389046155270843e-10,4.5156662553368021e-10,1.084691716954489e-16,1.2305974585211406e-16,4.3237777698119504e-15,2.1456974841757567e-16,3.9864949561812681e-13,2.4578752492957196e-12,0.071190025311049898,0.052593706341776326,1.055696864280996e-08,1.5328681007959969e-09,1.0880154998516633e-14,1.4735433613165684e-16,9.9949315377666028e-15,3.5950425598771447e-20,2.1613095480331131e-16,4.4037957351799868e-21,6.7898410676693486e-20,1.9847871315390571e-24,1.6580999222872895e-24,7.6582686352777779e-17,1.314659514184774e-15,6.266418984561468e-19,1.0678022623607357e-09,1.316887474892705e-09,5.0273149851667777e-09,2.0360920439940015e-07,7.2881394383180734e-10,2.0198715960663889e-05,8.63326266977565e-11,1.0370641198479945e-09,1.2637787001448165e-09,1.4875425803936264e-12,8.4888424794819869e-09,4.9698195877141793e-15,8.8643244422789839e-20,6.0697261979469067e-16,1.8978967211300699e-11,1.1246763932814006e-08,2.9819363504964206e-11,0.69212697805348589,0.0,3.2622216600706304e-36,2.5954224534964214e-36,1.4391476542320689e-20,3.0913327131715632e-20,0.0
1.4102040816326531,1972.0089086017449,0.069578829902601558,0.00036678419569548861,3.6419162380348915e-07,4.2659955383100157e-07,9.3889814398784801e-05,0.18822836321162767,1.8382431776244062e-10,2.017281985989044e-10,6.4386502282469656e-17,9.8055498379061363e-17,5.2731422876233458e-15,2.4751428508054149e-16,7.8597425412885291e-13,7.5426971178989429e-12,0.080412504847841251,0.048606462229566848,1.0553268937729271e-08,2.1495015639943588e-09,1.4700759387059323e-14,1.9026860472717745e-16,2.0098444654375144e-14,5.2204001327101115e-20,5.8384234586584851e-16,1.2008091432364252e-20,3.0047024726361446e-19,8.8708020709295693e-24,1.1220110367074736e-23,1.0821204722150263e-16,2.9078079932803729e-15,1.1344291394396156e-18,5.1759364687576932e-10,8.5514377385366991e-10,4.6938674662460246e-09,3.0500141525184983e-07,5.5324524384272422e-10,9.4718108372706998e-06,2.366618272742308e-11,4.8417843923330206e-10,6.4496699646369077e-10,1.3461819957293925e-12,1.357084134081556e-08,7.4492960381120221e-15,8.4357239816241366e-20,4.8746383405211315e-16,2.0328616291680206e-11,1.4052693268889034e-08,2.284147944409779e-11,0.6879968858205654,0.0,3.2313797593936169e-35,3.9020721437047719e-35,3.1949009708627019e-20,1.0219070664325544e-19,0.0
1.4755102040816328,1922.9201858625775,0.084039333571416491,0.00028471042206887337,1.3551779080881799e-07,1.2938471254341852e-07,5.3634481975949191e-05,0.18417493683550379,6.0155971738790221e-11,9.1107698490839074e-11,3.5364895892918391e-17,7.1459843380991266e-17,5.834081328591881e-15,2.5860930079788188e-16,1.3972881512821808e-12,2.0732411950695223e-11,0.088832686651846196,0.045359326793995861,1.0078359975217694e-08,2.8505341073721266e-09,1.8392207541023173e-14,2.2726096802866612e-16,3.7107136172939468e-14,6.6294385502261641e-20,1.3762255052447665e-15,2.8009437540757275e-20,1.1307016727437331e-18,3.3056115774029224e-23,6.2804616378353902e-23,1.3865837221177793e-16,5.7918974601594293e-15,1.8393451301260841e-18,2.4576288689297705e-10,5.3751145368920153e-10,4.2015201586487211e-09,4.3520589622804401e-07,4.0851575140060185e-10,4.51071951567432e-06,6.7358103893917632e-12,2.2973671372196438e-10,3.2858949553279228e-10,1.1412495824693589e-12,2.0251966649016967e-08,1.0197575084214576e-14,7.3876604439522254e-20,3.7198789402598061e-16,2.0853591979110019e-11,1.6894836396874965e-08,1.6937107386530636e-11,0.68391301798864901,0.0,2.4661566543698321e-34,4.4848832131317724e-34,6.261437342303652e-20,2.9573896924960798e-19,0.0
1.5408163265306125,1874.9234204798586,0.098884885495930594,0.00021599661583312829,5.0449536640031961e-08,4.0168742708092006e-08,3.0542583702247649e-05,0.17959897670400904,1.9884983692859206e-11,4.1303883796296288e-11,1.8217497529940301e-17,4.8479124380710618e-17,5.9854470451011241e-15,2.501556095938244e-16,2.299429940237778e-12,5.2624351391378994e-11,0.096602830786209667,0.042701141131709919,9.2915320175491589e-09,3.6278142455014814e-09,2.1708453597639369e-14,2.5582084714301478e-16,6.4361386112018684e-14,7.6004239172350416e-20,2.935077566345394e-15,5.8181865483341454e-20,3.783047417386865e-18,1.078133315528022e-22,3.0657847777399876e-22,1.6510464086675509e-16,1.0692044640791613e-14,2.7485875745071619e-18,1.1425899390739042e-10,3.2826793115831727e-10,3.6344164249232836e-09,5.9884732849047616e-07,2.9455669232338098e-10,2.1646018177254995e-06,1.9599708585543059e-12,1.0992673366942442e-10,1.6649521332577665e-10,9.1887056944738255e-13,2.8726567341553291e-08,1.3033746442587028e-14,6.0607683016585701e-20,2.7253453728634687e-16,2.0703976228834787e-11,1.9752218390847525e-08,1.2234205185184467e-11,0.67987607776615622,0.0,1.5566431252832276e-33,4.2482423704666847e-33,1.1193912063815663e-19,7.7752713280136322e-19,0.0
1.606122448979592,1827.9821303909914,0.11399464915249002,0.00016054354243034435,1.8674256548725682e-08,1.262159775945259e-08,1.7287901149240968e-05,0.17462717481850507,6.5832834662896728e-12,1.8695352112869398e-11,8.8739043170411407e-18,3.0963703140071256e-17,5.7776646872356681e-15,2.272890938981612e-16,3.5658351136126707e-12,1.259813804744637e-10,0.10384312953427303,0.040512788241228094,8.3251111249087384e-09,4.474726408982657e-09,2.4476543170020204e-14,2.7478975604613701e-16,1.0653301899786893e-13,8.0332009383080803e-20,5.8036651524218085e-15,1.1059075090545935e-19,1.1601662600368546e-17,3.1815698716492498e-22,1.3535329745775468e-21,1.8564419738132443e-16,1.8649842565334474e-14,3.8583184517389612e-18,5.196560859683597e-11,1.952069923066338e-10,3.0543635808831568e-09,8.0150275526101099e-07,2.0788548454706091e-10,1.0406218587625346e-06,5.764445312379238e-13,5.273454506677426e-11,8.3649485548879363e-11,7.0880326082843129e-13,3.920585135370819e-08,1.5785722156342833e-14,4.7119762117322639e-20,1.9294023674656382e-16,2.0030032967622274e-11,2.2614598396200639e-08,8.6404033507485635e-12,0.6758859091325512,0.0,8.5302089594234365e-33,3.4925438801256463e-32,1.8661354738995261e-19,1.9045407757105961e-18,0.0
1.6714285714285715,1782.0527434573728,0.12927781798558163,0.00011708625442557091,6.8393421887695888e-09,3.9791846158830346e-09,9.7032784862252049e-06,0.16935514451233424,2.1684012450014379e-12,8.4127200370617075e-12,4.1085025947826659e-18,1.8758624596640634e-17,5.3001486538488944e-15,1.9591151266067266e-16,5.2771676961101679e-12,2.8881388584046084e-10,0.11064681207334041,0.038702089156899114,7.281736425380562e-09,5.3861028468066667e-09,2.659329552802134e-14,2.840943951161891e-16,1.7017439933723407e-13,7.9410526486541302e-20,1.0824888497246743e-14,1.9606719312721803e-19,3.3330121238697904e-17,8.6983138880541335e-22,5.5481653172144226e-21,1.9928668366994098e-16,3.11568134186306e-14,5.1556620854466194e-18,2.3094378342760196e-11,1.1316443410079042e-10,2.5029123247901624e-09,1.0499744907802636e-06,1.4381653053479256e-10,4.9890006020663835e-07,1.6986789729611029e-13,2.5248608741783276e-11,4.1565477985722196e-11,5.268800751823995e-13,5.1927123510500526e-08,1.8305423781575993e-14,3.4987902783214095e-20,1.3253629200284934e-16,1.896949673137584e-11,2.5478428665871786e-08,5.9795109080927833e-12,0.67194199873392457,0.0,4.2012069701302294e-32,2.5863762316674364e-31,2.9461981780295437e-19,4.4251254258894018e-18,0.0
1.7367346938775512,1737.0921812547458,0.14466626079816033,8.386860356007623e-05,2.4682644032632983e-09,1.2500704884781747e-09,5.3895552262607786e-06,0.16385513404835023,7.0675511131739165e-13,3.7504312020291073e-12,1.813788965142674e-18,1.0833894071516888e-17,4.6535485468821088e-15,1.6132197076191831e-16,7.5224318671801166e-12,6.4128636509221803e-10,0.11708586983354632,0.037198078146647336,6.236531117011378e-09,6.3580428774885619e-09,2.8015642295134251e-14,2.844422984654963e-16,2.6450626769625265e-13,7.4170212837128251e-20,1.9286242579738954e-14,3.2877277337186279e-19,9.115566290027907e-17,2.2419801972566555e-21,2.1530437539065441e-20,2.0583379940301961e-16,5.0347440612748738e-14,6.6207261593480749e-18,1.0016743297664842e-11,6.3992376296221602e-11,2.0049899623383022e-09,1.3526046270366997e-06,9.7611793996008402e-11,2.3765152430201734e-07,4.980573666430521e-14,1.2020986219136804e-11,2.0382231049979878e-11,3.7889267785137149e-13,6.716257767152255e-08,2.0476670660010784e-14,2.4946589965167947e-20,8.8578978351648811e-17,1.7642364657971407e-11,2.8344372823701188e-08,4.0600050501066035e-12,0.66804368259996261,0.0,1.9078731687028235e-31,1.7736520143557267e-30,4.4545080297960857e-19,9.8823822101974226e-18,0.0
1.8020408163265309,1693.0601071770811,0.16010873606654935,5.9035362721790557e-05,8.7466868703768755e-10,3.8910925769547624e-10,2.9571046346781135e-06,0.15818199643546199,2.2690920601820077e-13,1.6514700725363888e-12,7.6498716315502174e-19,5.9851765245543382e-18,3.9306538076596029e-15,1.2754374954654699e-16,1.0400508069910192e-11,1.3912257868433179e-09,0.12321603378904476,0.035946026174462617,5.2411581760936742e-09,7.3877226348557737e-09,2.8748742589685104e-14,2.770403264408434e-16,4.0255260487328881e-13,6.5939480700077117e-20,3.3134793710172069e-14,5.2689244162835361e-19,2.4026573402558218e-16,5.5205944267734369e-21,8.0293468966774313e-20,2.0570020372053637e-16,7.9279328722595439e-14,8.228453085906594e-18,4.2345630160744847e-12,3.5303836002937617e-11,1.5728661039389863e-09,1.7196557278121202e-06,6.5029052247354406e-11,1.1213282498901465e-07,1.444630271297704e-14,5.6737731381024167e-12,9.8437289827956844e-12,2.6430221707823654e-13,8.5228473772208739e-08,2.2217803068334865e-14,1.7144288583984718e-20,5.7698736186412276e-17,1.6149569034695232e-11,3.1215810195108102e-08,2.7065560210468011e-12,0.66419023594627824,0.0,8.1461413654423191e-31,1.1504989541636034e-29,6.5040315684501574e-19,2.1426838006198623e-17,0.0
1.8673469387755104,1649.9192822096516,0.17556652187557814,4.0846582353237818e-05,3.0339188606782151e-10,1.1942788237063345e-10,1.6001002331187858e-06,0.15237766539838063,7.147615484085079e-14,7.1639866592379546e-13,3.0854616792882212e-19,3.1699367690424326e-18,3.205922651770079e-15,9.7170367050813533e-17,1.4022119034444284e-11,2.9692648644537471e-09,0.1290807263611076,0.034903489475770259,4.328312282684085e-09,8.473227980115224e-09,2.8834085365040517e-14,2.6336063889796086e-16,6.0278501456664053e-13,5.6102471019947455e-20,5.5297510307040368e-14,8.1350200482082426e-19,6.1622745042918611e-16,1.3121462002394109e-20,2.9118132704063483e-19,1.9972480974142154e-16,1.2234207509548453e-13,9.9502461633271811e-18,1.7424203145693104e-12,1.8998778666251046e-11,1.2098079383344717e-09,2.163785566608037e-06,4.2530183030968992e-11,5.2266670433173981e-08,4.1247790748422563e-15,2.6477618553684877e-12,4.6736713396731862e-12,1.7916386812995717e-13,1.0649548426159408e-07,2.348077901618031e-14,1.1386433979468411e-20,3.6669736164441673e-17,1.457359228015058e-11,3.4097952054159091e-08,1.7719971523190328e-12,0.66038091357794326,0.0,3.3205143599805492e-30,7.1782374605172706e-29,9.2295846092589422e-19,4.5458969254940107e-17,0.0
1.9326530612244899,1607.6353123143181,0.19101018041096671,2.7780701042806829e-05,1.0271032826001218e-10,3.5990491428803672e-11,8.525531335040722e-07,0.14647446139851428,2.2010762344289918e-14,3.0540639562839777e-13,1.1904928340778294e-19,1.6118009926351538e-18,2.531849064408014e-15,7.1524891396257692e-17,1.851228363375957e-11,6.2695189748520614e-09,0.13471408035533228,0.034037291077560081,3.5159808200176516e-09,9.6134194013676185e-09,2.8338647953672284e-14,2.4495986803900717e-16,8.9152155188656987e-13,4.5865837469727905e-20,9.0161285931233202e-14,1.2176706523884055e-18,1.5498684028468814e-15,3.0353064443955379e-20,1.0367248962831812e-18,1.8899737437630908e-16,1.8585804754217366e-13,1.1755373448602558e-17,6.9682913671550005e-13,9.9693366154639271e-12,9.1314456719840327e-10,2.7006492294412319e-06,2.7305146751090081e-11,2.4008786600002265e-08,1.1542946871065882e-15,1.2187830606716943e-12,2.1776294555152182e-12,1.1816190363537668e-13,1.3140098902480326e-07,2.4248066463004107e-14,7.3215734141796531e-21,2.2751537104541727e-17,1.2979997731320753e-11,3.699733556784498e-08,1.139371291969508e-12,0.6566149684080731,0.0,1.308054494956763e-29,4.3667689815735812e-28,1.2792733500827813e-18,9.4967639064004653e-17,0.0
1.9979591836734696,1566.1762705767026,0.2064171771572092,1.8569884406400461e-05,3.3843847485702407e-11,1.0608090431361673e-11,4.4661797570301037e-07,0.14049752451080647,6.6041833751542832e-15,1.276563390827069e-13,4.3932872941423945e-20,7.8738471952863532e-19,1.9399232026299128e-15,5.0961542675773105e-17,2.4013364570013281e-11,1.3157499986388171e-08,0.14014321005178054,0.033321249704055991,2.8111951627393694e-09,1.0807827723097943e-08,2.73455488039978e-14,2.2334820978295222e-16,1.3064517095193239e-12,3.6138744456987057e-20,1.4429705147448101e-13,1.7758799394985402e-18,3.8470630139017535e-15,6.8797753070264446e-20,3.6529340012890638e-18,1.7471251299440112e-16,2.7897190872363713e-13,1.3612172776559289e-17,2.7043175718539076e-13,5.0977702382115326e-12,6.7666886815181085e-10,3.3496704488247219e-06,1.7204444233265711e-11,1.0844244786317038e-08,3.1533799136675366e-16,5.5215114284966275e-13,9.9400443955802611e-13,7.5873528529137885e-14,1.6046417038418623e-07,2.452828352322411e-14,4.5634238675980927e-21,1.3783879990275938e-17,1.1419336429539976e-11,3.9921552263602862e-08,7.1933214083340786e-13,0.65289165980229624,0.0,5.030202261895028e-29,2.6195192147368337e-27,1.7388085194334432e-18,1.9636781571988441e-16,0.0
2.0632653061224491,1525.5123439351407,0.22177012465986598,1.2196133657496049e-05,1.0825258788445959e-11,3.0470682864912008e-12,2.2969009666814556e-07,0.13446661182079628,1.9245077450996917e-15,5.2200796930513379e-14,1.5496762195593807e-20,3.6964585381450097e-19,1.4441477080636721e-15,3.5192717410092015e-17,3.068886799665709e-11,2.755426907976629e-08,0.14538991568274992,0.032734474974029204,2.2131841966718608e-09,1.2056576322228216e-08,2.5946299332510097e-14,1.9990145326440322e-16,1.9018565105433165e-12,2.7504512500447846e-20,2.2756047231925482e-13,2.5338715208958042e-18,9.475306045588777e-15,1.5365441647516405e-19,1.2824846040349903e-17,1.580554964681919e-16,4.1497876120386458e-13,1.5489085256692348e-17,1.0167951083996476e-13,2.5381985593808043e-12,4.9241496752662416e-10,4.1350368857772655e-06,1.0634282947591073e-11,4.8060536144086242e-09,8.3783175181951961e-17,2.456769331413501e-13,4.4373201176815424e-13,4.7450319710294974e-14,1.9430493516961474e-07,2.4351252731981829e-14,2.7590637955727167e-21,8.1538110063680131e-18,9.9291467442853889e-12,4.2879125470672148e-08,4.4574384057667721e-13,0.64921025707488556,0.0,1.9044396723651333e-28,1.5645635008872931e-26,2.3251383860080829e-18,4.0364027393113566e-16,0.0
2.1285714285714286,1485.6155497141087,0.23705547076369549,7.8667056202459073e-06,3.3522281834763527e-12,8.4998990801424098e-13,1.1579295368110345e-07,0.12839744013251056,5.4296152265348943e-16,2.0836136137481793e-14,5.2198586018969689e-21,1.6673941088927006e-19,1.0455482496366429e-15,2.3575105742697325e-17,3.872821458931615e-11,5.7781113889788397e-08,0.15047196928003329,0.032260079593233425,1.7159353849488742e-09,1.336032484777503e-08,2.4234595831343931e-14,1.7580799860596468e-16,2.7564022956241523e-12,2.0253281604136815e-20,3.5477960815701861e-13,3.5490808798385305e-18,2.3266079963879495e-14,3.3978796115257602e-19,4.5131365666576507e-17,1.4011962464608953e-16,6.1332531703286665e-13,1.7355541896512143e-17,3.6973647306006963e-14,1.2293864419810058e-12,3.5189954945172174e-10,5.0869920555062414e-06,6.4447934734507978e-12,2.0856278613958006e-09,2.1572241441461406e-17,1.0714203697280884e-13,1.9338195513216956e-13,2.8903340191101718e-14,2.3366797293766188e-07,2.3762927870028099e-14,1.6187054507260093e-21,4.7080994741371442e-18,8.5359014172676485e-12,4.5879485707403499e-08,2.7095604651851846e-13,0.64557004057456624,0.0,7.1506965237675738e-28,9.3830822316361451e-26,3.066999174152325e-18,8.2790509940088753e-16,0.0
2.193877551020408,1446.4595245282328,0.25226249709156928,4.980580179159213e-06,1.002293617138117e-12,2.2948273306904192e-13,5.7131984339465983e-08,0.12230270692770173,1.4784186044022483e-16,8.0999781206929124e-15,1.6768162265885423e-21,7.2231160734374854e-20,7.3663447480424711e-16,1.532680828526377e-17,4.835278235207586e-11,1.2170584296172333e-07,0.15540409626844059,0.031884193305530946,1.3102119165510128e-09,1.4720230028357403e-08,2.2301517600736965e-14,1.5204320714093474e-16,3.9848779349560673e-12,1.4446382608538118e-20,5.4836769958349568e-13,4.8938802745419502e-18,5.7191093615761541e-14,7.4712541790384025e-19,1.60043105890029e-16,1.2185238360473382e-16,9.0265492090520152e-13,1.9182724083979451e-17,1.297836995960068e-14,5.7861152892141677e-13,2.4693088509662918e-10,6.243521782621768e-06,3.826918570598347e-12,8.843942814803818e-10,5.3635470513088269e-18,4.5704972685130989e-14,8.2126316890616244e-14,1.7144973680656961e-14,2.7945369066413119e-07,2.2820504340031616e-14,9.2156354304137147e-22,2.6521965846143306e-18,7.256829678397052e-12,4.8933015555183094e-08,1.6146546610140532e-13,0.64197030143021327,0.0,2.6800023210023341e-27,5.6934217477948717e-25,3.9996555004154883e-18,1.7000889603172116e-15,0.0
2.259183673469388,1408.0193782626939,0.26738252091488918,3.0930934966442344e-06,2.8854931949388112e-13,5.9759466750647332e-14,2.7544135398774408e-08,0.11619288916664716,3.8726576169186263e-17,3.0596292917500667e-15,5.1290999686952392e-22,3.0025838230393638e-20,5.0521783918496858e-16,9.6721295209413032e-18,5.9823625088822123e-11,2.5822548490465282e-07,0.16019873469794321,0.031595192603901041,9.8509240242403862e-10,1.6137919207618488e-08,2.0231967801206852e-14,1.2936425024171839e-16,5.7560317627070854e-12,9.9895522970316028e-21,8.4241173973996707e-13,6.6599506975668351e-18,1.4127155544846676e-13,1.6396026690575726e-18,5.7471607473301083e-16,1.0402623655917001e-16,1.3254901120715167e-12,2.0944212608015181e-17,4.3887911029972516e-15,2.6428589938095253e-13,1.700867500508104e-10,7.652567778026945e-06,2.2247567304017289e-12,3.656836700782675e-10,1.2831620820805576e-18,1.9031943054825293e-14,3.3922843884678508e-14,9.9000437903891016e-15,3.3275836535619416e-07,2.1587917284557384e-14,5.0902295530523344e-22,1.4566058468901411e-18,6.1015810080820466e-12,5.2051176870881832e-08,9.4250979369737108e-14,0.63841034053689949,0.0,1.0084746327097256e-26,3.5197001499263144e-24,5.1666965006742671e-18,3.5056908501551068e-15,0.0
2.3244897959183675,1370.2716458969489,0.28240820638785702,1.882761754264011e-06,7.9755413989659622e-14,1.4957996806016552e-14,1.2953608469628956e-08,0.11007689794864567,9.7266419788768486e-18,1.1202637099950283e-15,1.4911876528113521e-22,1.1964229041806579e-20,3.3733482269360808e-16,5.9241885607995259e-18,7.3451402952793647e-11,5.5335455645430429e-07,0.16486662902844673,0.03138308136965437,7.2910488382299389e-10,1.7615471525574369e-08,1.8102192147222037e-14,1.0831965829108964e-16,8.3199346768291067e-12,6.7000391476872957e-21,1.2891456631029793e-12,8.9642443969629863e-18,3.5191199957597619e-13,3.6036263953777816e-18,2.0995298807580031e-15,8.7229376010707183e-17,1.9455147323514531e-12,2.2616535851817715e-17,1.4266969000466028e-15,1.1698667281321993e-13,1.1495083323127184e-10,9.3749473525536161e-06,1.265062383315759e-12,1.4712285350447496e-10,2.9431155113253918e-19,7.7197529085478313e-15,1.3601070223481983e-14,5.5616551684583558e-15,3.9492667624111626e-07,2.013186024142104e-14,2.7265302698672266e-22,7.7926401076411338e-19,5.0737194331340668e-12,5.5246610204178165e-08,5.3842714513343552e-14,0.63488946687937287,0.0,3.8307522330258201e-26,2.2314649376347501e-23,6.6224154914464733e-18,7.2793818618741261e-15,0.0
2.3897959183673469,1333.1944167624704,0.29733287378291695,1.1222907846644114e-06,2.1101327921583339e-14,3.5858752751034353e-15,5.93172346059479e-09,0.10396266066694547,2.3343019070087304e-18,3.9658091451354361e-16,4.1120659509912362e-23,4.5637812035908397e-21,2.1925388704729726e-16,3.5208010313212562e-18,8.9609204441692831e-11,1.200675820988218e-06,0.16941728657139787,0.031238974307170798,5.3102493829124346e-10,1.9155397753959865e-08,1.5978216896944657e-14,8.9268764481117933e-17,1.2050359847092312e-11,4.3598274982868798e-21,1.9693281326962009e-12,1.1957202877385405e-17,8.8699613049091068e-13,7.9578021059040403e-18,7.8370211907118691e-15,7.1871703733633021e-17,2.8590324333559124e-12,2.4179619846508532e-17,4.4481583376164936e-16,5.010689553060119e-14,7.6182098964738252e-11,1.1488218014540481e-05,7.0289689047652743e-13,5.746442972849589e-11,6.4476917428341166e-20,3.0435156961154018e-15,5.2820291695347864e-15,3.0375693501258958e-15,4.6762078461576393e-07,1.8518402320317397e-14,1.415358447669664e-22,4.056925560551405e-19,4.1720462645427516e-12,5.8533267106938857e-08,3.0072267975372558e-14,0.63140699525217836,0.0,1.4764104609085321e-25,1.4600126807378099e-22,8.4349837455388206e-18,1.5260688971700058e-14,0.0
2.4551020408163264,1296.7678819825933,0.31214962386102579,6.5448712466936242e-07,5.327265274942438e-15,8.202836503608743e-16,2.639807639752044e-09,0.097857717635536912,5.3336297254791662e-19,1.3537474359795187e-16,1.0730843360842972e-23,1.6640193098637458e-21,1.3867904633191945e-16,2.0293196103879509e-18,1.0874901701145688e-10,2.6444172207510504e-06,0.17385928626026595,0.031154645822260702,3.8040276372610403e-10,2.076059855235944e-08,1.3915064885935505e-14,7.240719674174086e-17,1.7511017616817699e-11,2.7526794135893532e-21,3.0090959707506547e-12,1.5834170537136756e-17,2.2694548541188059e-12,1.7710167824074256e-17,3.0018587963507891e-14,5.8201611679858585e-17,4.2132090708034521e-12,2.5617132762054372e-17,1.3268700999844643e-16,2.0731064501958058e-14,4.9476157089800593e-11,1.4091790208385022e-05,3.8118092070719594e-13,2.1739699176415215e-11,1.3439720743614105e-20,1.1636282702149426e-15,1.9824344312175442e-15,1.6115238746883994e-15,5.529110641756535e-07,1.6810248362198495e-14,7.1147225521897328e-23,2.0529739965228388e-19,3.3917556941165491e-12,6.1926518723198525e-08,1.6403086492400737e-14,0.62796224343640894,0.0,5.8017324697025133e-25,9.9187981452855256e-22,1.0690693781942003e-17,3.2381993893361799e-14,0.0
2.5204081632653059,1260.9759176273953,0.32684988391945968,3.7301977474203492e-07,1.2792046670401871e-15,1.7837548964268888e-16,1.1394750310116349e-09,0.091769984433822741,1.1559605944844596e-19,4.4434953429617348e-17,2.6436514825664307e-24,5.7898634169155471e-22,8.532411361236359e-17,1.133676762596418e-18,1.3142231298816675e-10,5.9257527065431542e-06,0.17820034713032168,0.031122115242529235,2.6787742851179138e-10,2.2434248874240384e-08,1.1956630655173985e-14,5.7795424525447751e-17,2.5559804087049357e-11,1.6862185011609602e-21,4.6076642459954472e-12,2.0851243957796671e-17,5.9127803080518685e-12,3.9837329270176635e-17,1.1847692771431718e-13,4.6329636742760143e-17,6.2354154815625835e-12,2.6916692227185558e-17,3.7772430520455927e-17,8.2705100588131717e-15,3.1463449396556733e-11,1.731361869152465e-05,2.0151561893266904e-13,7.9470948182293908e-12,2.6548731278836543e-21,4.3043715318099194e-16,7.1738505922568461e-16,8.2972325454269842e-16,6.5339323904186884e-07,1.5064666859029651e-14,3.4601087427932577e-23,1.0085700129397675e-19,2.7254582492554468e-12,6.5443140498032441e-08,8.7276898107699713e-15,0.62455452828410007,0.0,2.3354987880740126e-24,7.0384605288333674e-21,1.3499582345274338e-17,6.9715384836698683e-14,0.0
2.5857142857142859,1225.8102914713097,0.34142043102188913,2.0756463794333101e-07,2.9124183522424381e-16,3.6737286043534864e-17,4.7613690309408998e-10,0.085709010384983228,2.3677363928146732e-20,1.3985938019848235e-17,6.134134796134645e-25,1.9193274437734324e-22,5.1042881737674981e-17,6.1344963859896273e-19,1.5830355332990632e-10,1.3540094807460501e-05,0.18244687232102616,0.031133246033316003,1.8532929876486141e-10,2.4179469236650171e-08,1.0136131537676823e-14,4.5388157790154006e-17,3.7513054769202561e-11,1.0020970987909479e-21,7.0832145376330568e-12,2.7346834214148007e-17,1.5732849422561652e-11,9.0817238128727867e-17,4.8368237966222346e-13,3.6255716230934832e-17,9.280676933794673e-12,2.8069849777865011e-17,1.0236560282615579e-17,3.1759131499595951e-15,1.9576773479755078e-11,2.1318628040822098e-05,1.03731412330098e-13,2.800638954374156e-12,4.9509673451061961e-22,1.5370266729702121e-16,2.4972655503451005e-16,4.1421336794339689e-16,7.7233078380965335e-07,1.3332115036990154e-14,1.6265610523591127e-23,4.8043048825688346e-20,2.1640611020262599e-12,6.9100879146741644e-08,4.5247317251784618e-15,0.62118316117890215,0.0,9.6735335102452133e-24,5.2460835493337512e-20,1.7002594132916846e-17,1.5262247576117015e-13,0.0
2.6510204081632653,1191.2816306074533,0.35583648898550674,1.1267503386094894e-07,6.2714464008696725e-17,7.1446171201034479e-18,1.9229334624172973e-10,0.07968854361439838,4.5698573723037713e-21,4.2115028368750761e-18,1.3382794847633568e-25,6.0547969299183438e-23,2.9681533899929385e-17,3.2139576436851204e-19,1.9020900153703682e-10,3.1602344989171114e-05,0.18660218378073656,0.031179346048259639,1.2591450737762863e-10,2.599840295986725e-08,8.4771153844235857e-15,3.5063163599221275e-17,5.540034942103493e-11,5.7782681459715208e-22,1.094855553384197e-11,3.5768761199940028e-17,4.2856021196642795e-11,2.1029022947108481e-16,2.0488728795212541e-12,2.789753547902338e-17,1.3907707367040142e-11,2.907163163880649e-17,2.6360586141199866e-18,1.1723235222283629e-15,1.191054924835277e-11,2.631805354141731e-05,5.194481930672255e-14,9.4971319613335476e-13,8.6890960655008765e-23,5.2886618491494934e-17,8.3470316658940127e-17,2.0037831707370338e-16,9.1379504150980399e-07,1.1655638807705019e-14,7.3866130100120556e-24,2.2169348647784487e-20,1.6975381446818068e-12,7.2916780073374613e-08,2.2836736658235018e-15,0.61784744289034177,0.0,4.1375309507481842e-23,4.1255839298040384e-19,2.1379543637660732e-17,3.4036558479993614e-13,0.0
2.7163265306122448,1157.4478027573678,0.3700447660864285,5.967644334750828e-08,1.2769900807577211e-17,1.3112743233905698e-18,7.5038494830664494e-11,0.073732438865944341,8.3061771234297533e-22,1.2125720217561029e-18,2.7468207570051883e-26,1.818670126591862e-23,1.6785892003136012e-17,1.6311523556036009e-19,2.2808132890893686e-10,7.5372497671651105e-05,0.19066137999774554,0.031250784813156282,8.4018328346292212e-11,2.788966229537701e-08,6.9951234521675114e-15,2.6648847202301188e-17,8.2335261099953902e-11,3.2357630374856126e-22,1.7030784479606135e-11,4.6699090793235752e-17,1.1961079312624443e-10,4.9502164936043674e-16,9.0129210251312488e-12,2.1118305879609006e-17,2.0994685985447451e-11,2.9919087154115288e-17,6.4511883218772998e-19,4.160248096961879e-16,7.086208097231185e-12,3.2575060737241394e-05,2.5307333803333091e-14,3.0981083544927295e-13,1.4343375673471633e-23,1.7530654867299335e-17,2.6781902034504486e-17,9.3976686685080707e-17,1.0826794685116512e-06,1.0071260478979798e-14,3.2423369557608451e-24,9.9117860618292483e-21,1.3156345251150592e-12,7.6901985079076992e-08,1.1222333984188136e-15,0.61454666048245132,0.0,1.8298890485744585e-22,3.4276120096593091e-18,2.6853500843092969e-17,7.7362110842765143e-13,0.0
2.7816326530612248,1124.4854474015719,0.38392172980028094,3.092227242165282e-08,2.4745880274408567e-18,2.2859582723606303e-19,2.8397214024099213e-11,0.06788873665406224,1.4310933891728218e-22,3.3535048315814954e-19,5.3420473796041252e-27,5.2301076260094594e-24,9.2585303350401546e-18,8.0458734640951168e-20,2.7284201895067829e-10,0.00018309242051467244,0.19459774280536848,0.031336750511042295,5.5156883440085357e-11,2.9841464149515488e-08,5.7002846410920047e-15,1.9950593318605116e-17,1.2293965326459199e-10,1.7655007518901814e-22,2.6631954842795737e-11,6.083938737164584e-17,3.408341726458937e-10,1.1813116293989473e-15,4.094861318064363e-11,1.5753085085124618e-17,3.1884326008232819e-11,3.0607590117051565e-17,1.509437418561337e-19,1.42561773996859e-16,4.1319105319210846e-12,4.0388938710564087e-05,1.2032459092535436e-14,9.7651386539136909e-14,2.24252195068353e-24,5.6224428047854143e-18,8.2857435382413621e-18,4.2884147431246666e-17,1.2841514842302929e-06,8.6098332676752623e-15,1.3810783438883759e-24,4.3086728592475757e-21,1.0085649076862653e-12,8.1046938971025056e-08,5.3860665224515996e-16,0.61128009509681613,0.0,8.3262069944457096e-22,2.9854035295261517e-17,3.3674657849264523e-17,1.7867064985175213e-12,0.0
2.8469387755102042,1092.8519739954456,0.39718039497108892,1.5828296912297186e-08,4.6737044113770698e-19,3.8814938488151654e-20,1.056857215386979e-11,0.062260520771760738,2.3970569561682478e-23,9.0734165057551176e-20,1.0086605853639023e-27,1.4670316090593109e-24,5.0257071505337203e-18,3.8985737383153682e-20,3.248407450440103e-10,0.00044723358410223365,0.19833110498282858,0.031425637410455044,3.5844797884005929e-11,3.1814899373553992e-08,4.6010341672587981e-15,1.4774879265122483e-17,1.8334246525841469e-10,9.4747286521135707e-23,4.1614180331474828e-11,7.8827930200755061e-17,9.769649132434712e-10,2.8230983415301736e-15,1.8802287701536748e-10,1.1632295513090015e-17,4.8428361313900843e-11,3.1122809167720172e-17,3.449360280657085e-20,4.792078415822883e-17,2.3799890622801821e-12,5.0003574518082951e-05,5.6440145725082455e-15,3.0238811886842685e-14,3.4104523178152912e-25,1.7735068034314597e-18,2.5138836414437523e-18,1.926574142553914e-17,1.5212777995746608e-06,7.3009295137644878e-15,5.7819260564009096e-25,1.8434366603527379e-21,7.6771321871085797e-13,8.5283942996656182e-08,2.5518891047422966e-16,0.60804706862783819,0.0,3.815116693402055e-21,2.642858188728226e-16,4.2031396574127314e-17,4.1427598411955105e-12,0.0
2.9122448979591837,1063.5390056666358,0.40922658053597044,8.2008723549717806e-09,9.1404354838349771e-20,6.8464246629236323e-21,4.0097186137914943e-12,0.057052417082834463,4.1652665146656934e-24,2.5186311845962534e-20,1.9644179879333434e-28,4.203325543828083e-25,2.7450272658239733e-18,1.9051233908883434e-20,3.8246798491860433e-10,0.0010633250703897066,0.20167670475284158,0.031507369202276835,2.3421313845033471e-11,3.3714233345385478e-08,3.7070269990911529e-15,1.0941844962695325e-17,2.6912567011253996e-10,5.1147250775294902e-23,6.3917223060897247e-11,1.0060938049400314e-16,2.7106626969458683e-09,6.5447561620223469e-15,8.2536490269208168e-10,8.5951944190593928e-18,7.2439806319235522e-11,3.14292889012837e-17,8.1223810212863507e-21,1.643911133252961e-17,1.3816045340588789e-12,6.1335878768264124e-05,2.6843700387291678e-15,9.5988496618534005e-15,5.4020779160497012e-26,5.7364913438730473e-19,7.8103947428268267e-19,8.7710742457052549e-18,1.7886233127397435e-06,6.1769871774709403e-15,2.4550831961034864e-25,8.0042892091203098e-22,5.8592486308043509e-13,8.9417596183390724e-08,1.2261660043160464e-16,0.60484708243038976,0.0,1.6652599435755539e-20,2.1962106181755625e-15,5.1788426477143086e-17,9.351303372568639e-12,0.0
2.9775510204081632,1038.0568972567903,0.41917343033513532,4.4857504086343332e-09,2.0558214778150515e-20,1.40312505946456e-21,1.6510348661612753e-12,0.052562522611817805,8.4074318578315361e-25,7.7942021228661296e-21,4.3795301272985888e-29,1.3320855459414635e-25,1.5676218673959266e-18,9.8259788411674818e-21,4.405314317063963e-10,0.0023270267106258419,0.20434298338499862,0.031578535605952363,1.5810075942259869e-11,3.5376454268387218e-08,3.0228950306533026e-15,8.2605558147424803e-18,3.7942004175550328e-10,2.8857430609227703e-23,9.3771637475142222e-11,1.2439692029604946e-16,6.812197235155641e-09,1.3933720698477432e-14,3.1476916924770132e-09,6.4743580248400432e-18,1.0390936813352904e-10,3.1474590110517381e-17,2.161762037104178e-21,6.1633499429901468e-18,8.3700853854899664e-13,7.3580961344190529e-05,1.3573788524549142e-15,3.3626430470988003e-15,1.0035431201864017e-26,2.0453979018492322e-19,2.6790737636675246e-19,4.2527411051012054e-18,2.0640110886390284e-06,5.2669835997614662e-15,1.1159245916213692e-25,3.7193896426996635e-22,4.5604441415495542e-13,9.3091234561757199e-08,6.2593523711354103e-17,0.60168001855796993,0.0,6.2910425311190928e-20,1.4936587887179953e-14,6.2112150075304435e-17,1.9492312908370528e-11,0.0
3.0428571428571427,1017.5132388907073,0.42637545922794579,2.693582900594583e-09,5.8589716245512653e-21,3.7058914320455406e-22,7.8202605098729418e-13,0.049002627045894698,2.1891874079733544e-25,2.905520011636994e-21,1.2306678418205035e-29,5.0271969864098863e-26,9.7036658559596e-19,5.5819033007030938e-21,4.918783031462393e-10,0.0044568771520363702,0.20610629984847567,0.031644924089406862,1.1310480749505576e-11,3.6654413847058081e-08,2.5293761200957263e-15,6.4774061356740894e-18,5.0287603388172703e-10,1.7635675727292554e-23,1.280481315833827e-10,1.4685692521124437e-16,1.4601053062999083e-08,2.5934642695319638e-14,9.5629992037198055e-09,5.0599108550981158e-18,1.3956543280725351e-10,3.1236032765167824e-17,7.0821587142189205e-22,2.6910207799725136e-18,5.4680738912927022e-13,8.5368344952912263e-05,7.6253331947117179e-16,1.3917917234473986e-15,2.4400344920684151e-27,8.594445115902795e-20,1.0879111168766603e-19,2.2993167317372207e-18,2.3145273062620476e-06,4.5709756967856608e-15,5.7081292464551502e-26,1.9430729388578079e-22,3.6785943814353626e-13,9.5962593816398998e-08,3.5439977380847787e-17,0.59854605827798502,0.0,1.8861825766787788e-19,7.34057308714582e-14,7.1646634800237276e-17,3.5777774936163835e-11,0.0
3.1081632653061226,1001.6793441684841,0.43096000960907183,1.7894416190725065e-09,2.1549111406646988e-21,1.2862922230191074e-22,4.3100660134467534e-13,0.046325108615167809,7.5036248720041282e-26,1.3249125926316763e-21,4.4411642729936993e-30,2.2931940321731816e-26,6.5639870761420559e-19,3.5255441051989087e-21,5.3237057676914822e-10,0.0074144077894369937,0.20699756082896734,0.031714756656262839,8.6238901424653524e-12,3.7525875155983213e-08,2.1806761273081724e-15,5.3022817852464469e-18,6.2525357852743882e-10,1.1767492456477898e-23,1.6220494971220791e-10,1.6540745269919063e-16,2.6450032657970778e-08,4.192404621697487e-14,2.2837360521486207e-08,4.1211422734704556e-18,1.7498712936073918e-10,3.0757760413993509e-17,2.902463871738717e-22,1.3854658609734402e-18,3.8793917551947108e-13,9.570428664760339e-05,4.8005322524577493e-16,6.8943479218789277e-16,7.9265419309229943e-28,4.3088005344755542e-20,5.3013583375878842e-20,1.3990462229470936e-18,2.5193363707742747e-06,4.0497496042817225e-15,3.3191040882411764e-26,1.1526037984212202e-22,3.0866544267675237e-13,9.7956520249045422e-08,2.2443048450375381e-17,0.59544519908341775,0.0,4.4314007069274244e-19,2.5563495037456188e-13,7.9451562578409388e-17,5.7432513603864626e-11,0.0
3.1734693877551021,989.47656278068314,0.43354241531291182,1.2922253946515726e-09,9.7776306526944104e-22,5.5906228634059773e-23,2.6917377650160626e-13,0.044322241618189255,3.2257323161002832e-26,7.1347426561202851e-22,1.9698269452441327e-30,1.223400763703101e-26,4.7804305389614289e-19,2.4317275041162524e-21,5.6216235346428563e-10,0.010996601239872625,0.20721660273429579,0.031791845051030221,6.9329721308729538e-12,3.8066976319266423e-08,1.9286481331002307e-15,4.5007518355496872e-18,7.3841390103829007e-10,8.446987497084027e-24,1.9333000882083541e-10,1.7943346781942034e-16,4.1774500397494478e-08,6.0439873508740686e-14,4.4811985584956509e-08,3.4748542632556892e-18,2.074851220978651e-10,3.0116642268984109e-17,1.43032027026514e-22,8.1719587777305963e-19,2.9472020741995877e-13,0.00010438037254907285,3.3200880185319343e-16,3.9595710904767613e-16,3.2683408981420645e-28,2.497992822408344e-20,3.0023976363383746e-20,9.3849607198289497e-19,2.6771165860284247e-06,3.6520258852008545e-15,2.1455776922608846e-26,7.5936276151738296e-23,2.676563175747275e-13,9.9223176379604e-08,1.5587232008924331e-17,0.59237704642684219,0.0,8.535807822807999e-19,6.7201274615334434e-13,8.5386212746126177e-17,8.2667565080064938e-11,0.0
3.2387755102040816,979.8317779731376,0.43473284675893487,9.9214372719908964e-10,5.1749783393256323e-22,2.8654546624986544e-23,1.8426332094413008e-13,0.042790286023646117,1.637401380892341e-26,4.3411952472136868e-22,1.0165007301123748e-30,7.3228904653131074e-27,3.6765390361322847e-19,1.7898132785599239e-21,5.8324991779885314e-10,0.01500070184372353,0.20696668017798273,0.031876301755048166,5.7955353657269829e-12,3.8368975920978467e-08,1.7386890025021846e-15,3.9250117503191154e-18,8.4019009238198213e-10,6.3993306375460418e-24,2.204561524189712e-10,1.8946405199446523e-16,5.9703483759656371e-08,8.0175848444838041e-14,7.6199032923062257e-08,3.0062089728108501e-18,2.3624318970721342e-10,2.9378440024872248e-17,8.0689104277220537e-23,5.3261359529301513e-19,2.3547670802649178e-13,0.00011160656725754159,2.4603315241405528e-16,2.5345581468273439e-16,1.6050376994385546e-28,1.6108997073884515e-20,1.8987264856317272e-20,6.7633581045620397e-19,2.7956640583760568e-06,3.3374204393372283e-15,1.4992498156140345e-26,5.4039624087189213e-23,2.3780633258163985e-13,9.9955888823811674e-08,1.1584885195557668e-17,0.5893410022134451,0.0,1.4227831235222813e-18,1.438957046603588e-12,8.972378326276253e-17,1.099097201009354e-10,0.0
3.3040816326530615,972.93538383959537,0.43588549349507433,8.188306306229532e-10,3.2953099581180631e-22,1.8035180610355567e-23,1.4154251225017245e-13,0.042226810276357329,1.0238631744635178e-26,3.0985251730834801e-22,6.170516983606661e-31,4.9541330267456397e-27,2.9860924776948997e-19,1.407979160254141e-21,5.8924103348332059e-10,0.01850156617064639,0.20546776038657832,0.032109231683694034,5.0576513163071092e-12,3.8383797903354894e-08,1.6046318415685746e-15,3.536017280122649e-18,9.1891077970337877e-10,5.0483127991666767e-24,2.3426233851957894e-10,1.9047352181601509e-16,7.4839596734909585e-08,9.5248785787686243e-14,1.0849450545167764e-07,2.6426513930615897e-18,2.5371877870930643e-10,2.8196871533848939e-17,5.3168152265959628e-23,3.8999530433589642e-19,2.0004802261036951e-13,0.00011724911496670459,1.9768543789785403e-16,1.8523242922182191e-16,9.7880381607959996e-29,1.1831190590081114e-20,1.3761765213071511e-20,5.2315536598818452e-19,2.8335252095656595e-06,3.071445738105219e-15,1.1340438833344324e-26,4.1931109775982462e-23,2.1683098518907735e-13,9.985821328847614e-08,9.2726318078643531e-18,0.58633667504268405,0.0,1.9626801985185255e-18,2.382792700091036e-12,9.0944361976571507e-17,1.3226194642781886e-10,0.0015647475399667146
3.369387755102041,969.87594112843374,0.43972117818237738,7.5408462918598758e-10,2.7941762181003435e-22,1.5794959456431907e-23,1.3105319352158562e-13,0.043914081132748688,8.9755994709266075e-27,2.8935234781965189e-22,4.6594912303222251e-31,3.9425446039070327e-27,2.5893136939096132e-19,1.2035344500154023e-21,5.6565077751805953e-10,0.019498474319710784,0.20082282119285869,0.032797888199174938,4.6840733206229772e-12,3.7940487010502078e-08,1.5358064635857975e-15,3.3479479937483776e-18,9.5275281014206946e-10,4.0657934322281946e-24,2.164615003025301e-10,1.7235324259018057e-16,7.5051708705375808e-08,9.3613009855813839e-14,1.1609909666695974e-07,2.3196294693519941e-18,2.4457344150682564e-10,2.5845180000390085e-17,4.4035275037233694e-23,3.3996535043204417e-19,1.8712463544126172e-13,0.0001210989541482195,1.7942151336193848e-16,1.6685245344503206e-16,8.4410200831175964e-29,1.0667358900426305e-20,1.239858698302638e-20,4.3981004932768752e-19,2.6993947392725778e-06,2.8131740206071921e-15,9.4637341386794296e-27,3.6795354230407458e-23,2.0454072442673894e-13,9.8135820708748408e-08,8.2187469473061848e-18,0.58336374605202568,0.0,1.9637816819494332e-18,2.5976557966123643e-12,8.5756774020567188e-17,1.352162817860262e-10,0.0082854934951062699
3.4346938775510205,966.89295142917615,0.443429322665851,6.9546774156956378e-10,2.3753823567839802e-22,1.3853139570858356e-23,1.2144169697922317e-13,0.045602115061434162,7.8789668709963857e-27,2.7022546324926611e-22,3.5371238593858219e-31,3.1507193549028441e-27,2.2508490054370561e-19,1.0316168555548136e-21,5.432637743655196e-10,0.020520838802334226,0.19626094791424473,0.033452596994840079,4.3416387688192053e-12,3.7483470178056195e-08,1.4699617355282883e-15,3.1705919924946398e-18,9.8627762845020063e-10,3.2875323641580912e-24,2.0027122285061934e-10,1.5620533425007543e-16,7.5231367791830568e-08,9.1991723466795447e-14,1.2400786072894322e-07,2.0398249552077862e-18,2.3575154770138116e-10,2.3711653079598614e-17,3.6599785093674622e-23,2.9708324678100992e-19,1.7521756346822749e-13,0.00012495932985694708,1.6311772567345259e-16,1.505088922914079e-16,7.291937088900211e-29,9.6312706353897721e-21,1.1185200353294756e-20,3.7093797232031126e-19,2.57361689625228e-06,2.5803156584428565e-15,7.9234072563478156e-27,3.2347477606360765e-23,1.9303373209063135e-13,9.6412143272372397e-08,7.2971770019883505e-18,0.58042076265813924,0.0,1.9635843380094584e-18,2.82518880784491e-12,8.0889302170269549e-17,1.3805474205142865e-10,0.014893734209761722
3.5,963.98143542220487,0.44701222577338129,6.4227492816867634e-10,2.0242317970551423e-22,1.216649195361663e-23,1.1262124592059916e-13,0.047289837517401151,6.924940851184595e-27,2.5237364239251012e-22,2.6983960192548283e-31,2.527810943346228e-27,1.9611585780726432e-19,8.8652826773564447e-22,5.2198704097402567e-10,0.021568619026437436,0.19178206198639536,0.034073814743530759,4.0272809891022989e-12,3.7014099019987527e-08,1.406939762137147e-15,3.0032049216350571e-18,1.019448471908204e-09,2.668114922250006e-24,1.8551318466010276e-10,1.4177889112066146e-16,7.5378968119428065e-08,9.0383716210706075e-14,1.3222337968630448e-07,1.7968291853003205e-18,2.2723926266034253e-10,2.1772856923433062e-17,3.052001015874539e-23,2.6020620201953547e-19,1.6422547011680265e-13,0.00012882928954885989,1.4852692579162404e-16,1.3594532964595232e-16,6.309399912185389e-29,8.7069989463885572e-21,1.0102943240217434e-20,3.1379577968758549e-19,2.4554742350658918e-06,2.3698805537337572e-15,6.6540090767028868e-27,2.8485471712866865e-23,1.8224917140395387e-13,9.468960883596718e-08,6.489342344264566e-18,0.57750727494670118,0.0,1.962103998622731e-18,3.0657303210754035e-12,7.6318041400719748e-17,1.407762481335462e-10,0.02138970354666174
